"Maakunta","Kunta","1999","2000","2001","2002","2003","2004","2005","2006","2007","2008","2009","2010","2011","2012","2013","dummy"
"Koko maa","Koko maa","363","373","376","374","365","367","360","364","374","403","396","401","412","368","351","."
"Etelä-Karjala","Imatra","227","167","284","285","264","269","247","250","244","282","258","256","261","230","245","."
"Etelä-Karjala","Lappeenranta","241","274","276","273","287","278","213","269","326","406","400","419","399","366","319","."
"Etelä-Karjala","Lemi","396","402","446","401","393","413","367","456","360","465","457","618","588","520","498","."
"Etelä-Karjala","Luumäki","314","343","425","345","339","379","388","409","397","432","443","480","796","809","418","."
"Etelä-Karjala","Parikkala","278","259","305","265","254","288","352","394","361","455","454","501","519","424","498","."
"Etelä-Karjala","Rautjärvi","377","421","459","361","406","450","373","505","508","475","542","512","475","456","417","."
"Etelä-Karjala","Ruokolahti","293","248","337","325","340","347","332","292","356","293","319","313","337","301","278","."
"Etelä-Karjala","Savitaipale","365","355","389","332","404","421","420","415","415","527","540","535","560","538","488","."
"Etelä-Karjala","Taipalsaari","398","417","370","454","479","456","475","568","682","578","632","551","620","496","614","."
"Etelä-Pohjanmaa","Ähtäri","437","450","478","478","518","469","403","445","435","515","491","507","545","556","521","."
"Etelä-Pohjanmaa","Alajärvi","285","293","359","322","431","435","408","372","441","385","447","475","462","453","320","."
"Etelä-Pohjanmaa","Alavus","360","409","410","392","387","383","459","571","587","657","670","644","679","617","665","."
"Etelä-Pohjanmaa","Evijärvi","425","376","451","558","569","568","615","663","647","616","741","823","805","889","860","."
"Etelä-Pohjanmaa","Ilmajoki","338","377","431","456","332","306","392","335","390","468","385","414","448","422","411","."
"Etelä-Pohjanmaa","Isojoki","233","480","606","604","551","462","558","572","554","533","672","550","678","619","490","."
"Etelä-Pohjanmaa","Jalasjärvi","454","478","510","400","362","405","442","434","434","445","445","320","378","438","410","."
"Etelä-Pohjanmaa","Karijoki","373","376","619","870","888","1153","618","939","628","659","693","675","557","657","542","."
"Etelä-Pohjanmaa","Kauhajoki","379","421","552","598","458","541","528","510","457","515","453","374","444","438","379","."
"Etelä-Pohjanmaa","Kauhava","298","331","344","298","415","410","433","365","389","412","435","441","436","377","420","."
"Etelä-Pohjanmaa","Kuortane","442","470","439","408","358","364","376","385","421","436","567","642","733","643","690","."
"Etelä-Pohjanmaa","Kurikka","565","546","291","289","328","333","412","435","423","423","530","495","513","516","424","."
"Etelä-Pohjanmaa","Lappajärvi","505","645","694","593","594","749","795","486","400","534","719","734","549","579","509","."
"Etelä-Pohjanmaa","Lapua","360","450","409","438","422","456","435","419","439","446","454","461","474","365","349","."
"Etelä-Pohjanmaa","Seinäjoki","497","547","512","390","398","374","373","388","356","374","455","445","470","443","441","."
"Etelä-Pohjanmaa","Soini","461","485","445","553","592","645","636","619","549","523","492","586","604","596","587","."
"Etelä-Pohjanmaa","Teuva","478","513","508","517","457","490","545","619","596","592","621","636","666","632","570","."
"Etelä-Pohjanmaa","Vimpeli","359","559","418","513","448","403","362","402","371","465","501","549","502","358","451","."
"Etelä-Savo","Heinävesi","409","379","412","416","498","388","412","430","482","443","468","453","468","484","484","."
"Etelä-Savo","Joroinen+Juva+Rantasalmi","365","507","484","548","618","518","506","418","423","582","529","514","532","528","526","."
"Etelä-Savo","Kangasniemi","454","545","511","429","515","637","523","673","599","656","646","731","588","501","513","."
"Etelä-Savo","Mäntyharju","378","354","413","345","389","428","440","403","437","444","432","454","450","436","431","."
"Etelä-Savo","Mikkeli+Pertunm.+Puum.+Hirvens.","330","265","282","404","347","332","339","337","323","351","382","371","385","311","304","."
"Etelä-Savo","Pieksämäki","328","334","363","339","353","324","323","344","351","439","472","445","476","466","396","."
"Etelä-Savo","Savonlinna","198","317","302","312","300","355","376","326","367","398","393","341","287","294","314","."
"Etelä-Savo","Sulkava","502","398","388","388","541","541","487","346","364","473","454","759","546","428","474","."
"Etelä-Savo","Enonkoski","464","490","353","295","278","275","231","293","251","273","331","313","412","368","388","."
"Kainuu","Hyrynsalmi","726","827","544","389","433","412","367","359","454","428","502","469","441","386","383","."
"Kainuu","Kajaani","389","416","386","414","450","452","325","321","351","327","326","279","322","298","280","."
"Kainuu","Kuhmo","470","525","387","362","321","439","409","395","403","404","379","390","426","331","313","."
"Kainuu","Paltamo","420","329","507","485","442","523","457","446","535","558","571","552","559","480","523","."
"Kainuu","Puolanka","593","596","579","470","487","428","389","321","385","405","411","383","481","390","434","."
"Kainuu","Ristijärvi","335","395","422","414","407","395","418","468","376","421","506","519","543","474","490","."
"Kainuu","Sotkamo","582","594","461","390","426","507","489","411","411","412","408","476","537","451","349","."
"Kainuu","Suomussalmi","379","621","339","348","354","302","386","420","435","436","466","468","426","351","363","."
"Kainuu","Vaala","875","776","463","524","514","525","457","535","587","657","766","756","821","734","831","."
"Kanta-Häme","Forssa","289","339","337","338","354","361","358","358","354","390","394","338","335","337","319","."
"Kanta-Häme","Hämeenlinna","395","436","467","479","419","368","361","328","348","374","346","340","352","354","337","."
"Kanta-Häme","Hattula","405","413","378","346","380","447","371","417","384","441","505","542","518","557","270","."
"Kanta-Häme","Hausjärvi","535","454","542","691","509","488","523","440","226","377","356","399","375","406","446","."
"Kanta-Häme","Humppila","396","387","315","441","358","431","378","324","404","453","423","470","460","492","471","."
"Kanta-Häme","Janakkala","406","397","335","381","477","402","434","341","339","377","356","354","351","341","325","."
"Kanta-Häme","Jokioinen","269","316","318","378","417","386","316","352","345","409","411","402","387","453","441","."
"Kanta-Häme","Loppi","379","393","468","418","419","475","376","429","398","397","430","290","347","321","274","."
"Kanta-Häme","Riihimäki","314","302","366","377","382","404","400","406","442","413","403","415","430","408","473","."
"Kanta-Häme","Tammela","370","384","390","366","342","407","360","360","390","416","353","331","377","392","389","."
"Kanta-Häme","Ypäjä","292","449","337","512","576","551","439","441","421","434","441","491","582","520","460","."
"Keski-Pohjanmaa","Halsua","538","242","427","422","460","484","367","471","700","527","551","649","648","536","574","."
"Keski-Pohjanmaa","Kannus","312","359","340","445","351","379","568","601","608","649","626","557","536","604","479","."
"Keski-Pohjanmaa","Kaustinen","359","387","387","377","335","331","417","475","439","503","594","532","472","474","384","."
"Keski-Pohjanmaa","Kokkola","335","371","395","412","424","419","409","414","365","471","483","460","448","399","361","."
"Keski-Pohjanmaa","Lestijärvi","761","1005","839","868","683","683","752","952","753","913","922","1070","939","1115","1011","."
"Keski-Pohjanmaa","Perho","561","453","459","421","402","439","410","355","436","574","554","572","630","537","611","."
"Keski-Pohjanmaa","Toholampi","395","368","465","409","377","354","509","465","484","642","654","655","733","627","534","."
"Keski-Pohjanmaa","Veteli","490","408","559","429","714","481","502","367","508","633","674","640","692","601","652","."
"Keski-Suomi","Äänekoski","380","362","385","342","409","471","407","427","371","357","342","334","374","357","344","."
"Keski-Suomi","Hankasalmi","446","418","606","404","702","535","480","399","384","432","476","496","539","467","472","."
"Keski-Suomi","Jämsä","517","471","486","531","517","463","424","381","420","439","402","412","431","331","296","."
"Keski-Suomi","Joutsa","351","365","317","326","368","322","337","404","396","425","442","481","677","456","342","."
"Keski-Suomi","Jyväskylä","369","412","403","376","291","309","327","338","331","410","397","427","388","318","322","."
"Keski-Suomi","Kannonkoski","384","410","469","433","434","462","627","607","569","579","572","699","717","569","583","."
"Keski-Suomi","Karstula","525","575","612","634","666","689","635","621","547","683","644","746","741","781","702","."
"Keski-Suomi","Keuruu","360","409","396","394","443","477","469","516","541","507","545","500","499","528","502","."
"Keski-Suomi","Kinnula","379","627","508","609","491","496","541","944","906","482","474","605","619","667","602","."
"Keski-Suomi","Kivijärvi","563","483","584","588","632","806","667","595","664","562","506","464","419","568","479","."
"Keski-Suomi","Konnevesi","431","587","470","418","376","392","460","422","447","482","491","547","597","534","504","."
"Keski-Suomi","Kuhmoinen","602","616","602","559","576","617","669","575","705","696","530","665","740","535","711","."
"Keski-Suomi","Kyyjärvi","620","550","443","504","462","696","600","608","444","692","645","710","753","644","633","."
"Keski-Suomi","Laukaa","320","362","367","355","353","363","381","395","383","408","383","361","350","347","293","."
"Keski-Suomi","Luhanka","453","428","588","634","605","481","512","681","689","768","867","884","841","925","779","."
"Keski-Suomi","Multia","562","538","621","558","469","554","514","510","537","550","696","495","497","304","438","."
"Keski-Suomi","Muurame","467","506","464","459","440","402","448","391","345","370","377","356","418","304","283","."
"Keski-Suomi","Petäjävesi","328","263","298","372","344","429","522","423","415","516","522","468","457","398","284","."
"Keski-Suomi","Pihtipudas+Viitasaari","735","584","412","416","397","460","420","448","468","519","537","563","591","508","520","."
"Keski-Suomi","Saarijärvi","668","609","542","541","534","529","366","373","414","352","393","365","348","263","281","."
"Keski-Suomi","Toivakka","371","1040","712","556","490","480","523","586","462","524","556","452","408","360","326","."
"Keski-Suomi","Uurainen","412","488","474","538","464","439","289","288","492","454","314","627","999","894","543","."
"Kymenlaakso","Hamina","467","499","513","396","377","378","333","352","363","391","393","363","377","348","351","."
"Kymenlaakso","Iitti","318","328","344","383","358","449","344","385","383","392","400","415","445","410","387","."
"Kymenlaakso","Kotka","410","418","314","352","312","299","328","318","304","359","326","287","278","273","306","."
"Kymenlaakso","Kouvola","420","392","443","417","398","426","388","405","373","467","334","345","351","321","324","."
"Kymenlaakso","Miehikkälä","469","594","614","631","647","670","644","594","596","638","733","695","581","586","677","."
"Kymenlaakso","Pyhtää","369","336","299","269","433","345","335","359","460","446","361","341","356","425","446","."
"Kymenlaakso","Virolahti","599","471","474","497","425","490","433","591","467","497","543","545","479","437","413","."
"Lappi","Enontekiö","766","861","992","777","830","790","1001","934","920","887","1069","1163","1019","941","884","."
"Lappi","Inari","374","407","363","508","446","474","380","480","530","553","645","796","658","801","824","."
"Lappi","Kemi","354","427","469","496","428","382","308","332","272","371","297","307","325","353","323","."
"Lappi","Kemijärvi","240","303","342","330","280","309","346","372","343","580","438","407","418","336","295","."
"Lappi","Keminmaa","630","921","948","815","753","671","753","640","466","485","497","525","508","509","419","."
"Lappi","Kittilä","403","367","441","408","541","635","620","615","620","626","706","692","718","617","574","."
"Lappi","Kolari","693","671","633","644","541","739","731","705","686","753","723","707","679","534","607","."
"Lappi","Muonio","918","980","950","965","919","986","1037","1045","1079","1502","1186","989","1072","1051","1126","."
"Lappi","Posio","403","347","355","462","403","432","470","411","442","613","672","596","593","611","407","."
"Lappi","Ranua","482","594","497","688","670","570","521","733","509","759","670","732","910","1033","1247","."
"Lappi","Rovaniemi","353","395","275","320","347","330","400","401","429","441","398","418","442","321","359","."
"Lappi","Salla","272","343","345","347","327","301","299","393","931","383","531","584","678","452","369","."
"Lappi","Simo","517","441","363","380","400","442","433","430","499","482","423","447","425","464","561","."
"Lappi","Sodankylä+Pelkosenn.+Savuk.","374","410","424","472","478","496","458","452","405","450","597","559","658","562","566","."
"Lappi","Tervola","429","368","450","388","468","474","442","478","435","490","507","490","578","537","517","."
"Lappi","Tornio","361","205","362","371","317","209","206","196","235","268","272","328","356","277","256","."
"Lappi","Utsjoki","770","1133","813","839","782","799","919","836","976","919","766","719","813","736","871","."
"Lappi","Ylitornio+Pello","239","260","304","334","466","478","536","562","491","625","628","630","605","506","664","."
"Maakunta","Etelä-Karjala","276","282","320","308","312","316","272","312","336","384","390","402","408","371","335","."
"Maakunta","Etelä-Pohjanmaa","428","467","463","445","436","441","452","449","450","472","493","482","504","475","453","."
"Maakunta","Etelä-Savo","330","361","356","385","382","391","390","376","379","422","435","416","411","383","363","."
"Maakunta","Kainuu","486","534","416","412","425","449","394","384","399","393","402","386","419","363","348","."
"Maakunta","Kanta-Häme","374","385","408","422","412","409","390","376","370","397","380","371","380","381","364","."
"Maakunta","Keski-Pohjanmaa","417","420","426","449","454","439","466","478","455","544","539","509","502","460","418","."
"Maakunta","Keski-Suomi","416","431","426","429","400","404","390","389","394","430","421","438","435","372","357","."
"Maakunta","Kymenlaakso","470","412","388","391","377","367","355","360","353","398","351","341","341","321","334","."
"Maakunta","Lappi","384","410","420","442","433","416","428","434","438","486","462","477","501","435","446","."
"Maakunta","Päijät-Häme","423","430","399","388","392","384","364","358","365","386","384","375","378","350","320","."
"Maakunta","Pirkanmaa","354","362","382","375","388","388","371","391","381","407","384","355","412","360","360","."
"Maakunta","Pohjanmaa","375","372","385","388","403","407","400","390","414","495","474","474","475","474","429","."
"Maakunta","Pohjois-Karjala","410","414","418","392","405","410","388","418","446","473","452","442","436","362","316","."
"Maakunta","Pohjois-Pohjanmaa","448","441","450","445","442","445","437","458","460","491","461","459","458","413","385","."
"Maakunta","Pohjois-Savo","364","347","371","377","385","388","402","389","373","410","438","430","422","387","401","."
"Maakunta","Satakunta","401","396","391","402","389","403","411","413","417","440","433","504","485","445","386","."
"Maakunta","Uusimaa","275","293","304","306","268","267","266","268","291","308","310","335","346","297","288","."
"Maakunta","Varsinais-Suomi","389","413","401","372","383","394","384","386","412","434","440","445","467","412","385","."
"Päijät-Häme","Asikkala","315","342","334","291","310","381","271","224","236","204","261","378","316","328","330","."
"Päijät-Häme","Hämeenkoski","812","456","555","536","609","637","562","604","673","551","571","654","635","542","432","."
"Päijät-Häme","Hartola","320","316","363","379","322","405","366","375","354","417","512","504","471","570","497","."
"Päijät-Häme","Heinola","362","501","330","349","410","346","302","318","292","310","301","261","289","296","302","."
"Päijät-Häme","Hollola+Kärkölä","308","309","309","329","260","274","271","258","316","310","324","346","339","316","294","."
"Päijät-Häme","Lahti","465","445","438","397","417","407","387","387","389","420","393","381","388","338","302","."
"Päijät-Häme","Nastola","363","358","342","349","341","341","286","321","315","341","351","314","343","317","306","."
"Päijät-Häme","Orimattila","475","542","438","464","424","404","421","462","442","442","430","458","454","465","392","."
"Päijät-Häme","Padasjoki","383","436","448","456","372","419","582","333","423","370","457","477","432","472","487","."
"Päijät-Häme","Sysmä","530","569","469","627","632","634","639","441","516","649","875","560","505","448","471","."
"Pirkanmaa","Akaa","0","0","0","0","0","0","0","0","306","368","358","278","296","324","253","."
"Pirkanmaa","Hämeenkyrö","254","316","314","295","339","296","264","227","277","313","389","279","313","418","397","."
"Pirkanmaa","Ikaalinen","270","153","260","265","272","283","220","250","244","211","313","362","394","355","355","."
"Pirkanmaa","Juupajoki","356","358","357","277","287","317","322","311","395","339","560","316","538","476","434","."
"Pirkanmaa","Kangasala","282","285","312","288","309","317","282","237","257","340","302","251","385","371","325","."
"Pirkanmaa","Kihniö","501","641","424","439","410","427","409","324","439","505","525","515","538","524","575","."
"Pirkanmaa","Lempäälä","335","343","347","330","354","346","360","391","468","396","412","359","410","390","379","."
"Pirkanmaa","Mänttä-Vilppula","0","0","0","0","0","0","0","0","0","0","502","445","486","459","461","."
"Pirkanmaa","Nokia","329","315","378","289","363","357","334","390","370","349","321","286","351","252","281","."
"Pirkanmaa","Orivesi","198","165","168","306","317","310","300","251","313","443","438","393","469","473","479","."
"Pirkanmaa","Pälkäne","486","485","539","450","504","376","347","425","424","443","501","478","653","620","647","."
"Pirkanmaa","Parkano","197","170","149","176","204","216","284","305","313","372","384","374","365","333","385","."
"Pirkanmaa","Pirkkala","396","367","381","368","356","396","363","367","402","407","408","400","426","410","382","."
"Pirkanmaa","Punkalaidun","268","337","309","605","572","550","407","546","466","588","556","486","449","559","504","."
"Pirkanmaa","Ruovesi","476","381","396","384","397","392","433","443","442","512","479","482","489","457","419","."
"Pirkanmaa","Sastamala","0","0","0","0","0","0","0","0","0","0","438","491","603","464","379","."
"Pirkanmaa","Tampere","364","379","388","400","399","387","405","417","394","404","356","335","402","335","353","."
"Pirkanmaa","Urjala","313","328","331","279","335","353","301","317","357","479","402","389","489","414","391","."
"Pirkanmaa","Valkeakoski","416","422","414","410","432","369","267","361","351","388","395","338","359","318","347","."
"Pirkanmaa","Vesilahti","497","527","534","557","520","538","605","650","634","652","628","532","601","522","506","."
"Pirkanmaa","Virrat","315","381","388","415","373","378","443","408","439","440","374","447","445","308","342","."
"Pirkanmaa","Ylöjärvi","291","323","332","269","410","520","391","366","388","471","446","383","378","347","328","."
"Pohjanmaa","Isokyrö","299","312","384","336","389","443","451","413","452","478","468","468","432","404","519","."
"Pohjanmaa","Kaskinen","647","745","755","880","994","1104","932","910","965","1036","1101","778","790","671","232","."
"Pohjanmaa","Korsnäs","328","342","381","380","489","487","508","616","650","693","549","667","660","614","495","."
"Pohjanmaa","Kristiinankaupunki","287","277","259","277","453","381","400","313","282","415","414","382","359","568","584","."
"Pohjanmaa","Kruunupyy","369","343","470","410","362","357","317","432","502","537","590","613","604","661","599","."
"Pohjanmaa","Laihia","368","421","393","396","421","383","354","332","351","414","408","395","443","325","357","."
"Pohjanmaa","Luoto","496","546","599","553","600","630","571","565","992","782","842","822","833","825","778","."
"Pohjanmaa","Maalahti","319","216","368","393","371","416","438","360","320","356","391","423","473","338","313","."
"Pohjanmaa","Mustasaari","320","394","357","309","362","428","396","415","421","482","457","461","429","398","327","."
"Pohjanmaa","Närpiö","336","314","365","381","369","347","330","300","306","391","390","385","357","324","380","."
"Pohjanmaa","Pedersören kunta","413","418","383","383","372","395","453","403","445","485","527","488","477","461","473","."
"Pohjanmaa","Pietarsaari","408","400","423","439","452","449","506","421","401","664","463","480","510","439","399","."
"Pohjanmaa","Uusikaarlepyy","345","334","351","304","304","283","272","327","340","385","478","498","516","516","473","."
"Pohjanmaa","Vöyri","0","0","0","0","0","0","0","0","0","0","0","0","688","699","634","."
"Pohjanmaa","Vaasa","378","338","347","380","375","369","352","349","371","450","425","429","426","468","394","."
"Pohjois-Karjala","Ilomantsi","476","442","503","499","474","525","475","534","702","647","626","603","559","412","418","."
"Pohjois-Karjala","Joensuu+Kont.+Lip.+Out.+Polv.","394","379","392","345","404","380","364","419","443","450","425","410","399","323","271","."
"Pohjois-Karjala","Juuka","404","452","486","482","509","540","471","632","610","674","675","704","680","583","409","."
"Pohjois-Karjala","Kitee","392","438","451","379","442","432","413","347","330","382","366","376","387","342","350","."
"Pohjois-Karjala","Lieksa","540","443","490","427","403","459","435","455","396","506","465","486","497","465","378","."
"Pohjois-Karjala","Nurmes","458","509","521","484","483","446","398","450","403","547","495","505","468","480","513","."
"Pohjois-Karjala","Rääkkylä","505","523","572","461","562","663","601","612","694","716","924","737","774","557","538","."
"Pohjois-Karjala","Tohmajärvi","381","418","360","263","404","527","484","403","374","393","410","450","512","405","377","."
"Pohjois-Karjala","Valtimo","372","375","370","276","416","345","341","369","422","503","463","439","546","434","456","."
"Pohjois-Pohjanmaa","Alavieska","496","759","1064","865","867","725","694","694","849","880","880","854","888","683","674","."
"Pohjois-Pohjanmaa","Haapajärvi+Pyhäjärvi","431","466","427","454","449","466","544","571","536","523","456","466","444","424","416","."
"Pohjois-Pohjanmaa","Haapavesi","1012","375","326","418","410","346","414","495","570","614","729","630","640","523","509","."
"Pohjois-Pohjanmaa","Hailuoto","741","821","987","950","729","767","769","806","685","768","543","1010","665","511","712","."
"Pohjois-Pohjanmaa","Ii","680","633","455","462","462","443","415","424","524","537","579","537","511","429","426","."
"Pohjois-Pohjanmaa","Kärsämäki","396","374","425","510","489","517","548","528","552","681","569","598","651","573","603","."
"Pohjois-Pohjanmaa","Kalajoki","487","465","383","395","371","492","433","422","405","588","502","471","538","527","503","."
"Pohjois-Pohjanmaa","Kempele","369","409","337","377","387","388","331","332","313","352","330","322","340","284","332","."
"Pohjois-Pohjanmaa","Kuusamo","321","349","330","363","294","408","337","305","337","339","374","380","380","367","316","."
"Pohjois-Pohjanmaa","Liminka","386","475","618","572","591","523","463","444","444","454","443","470","577","722","501","."
"Pohjois-Pohjanmaa","Lumijoki","395","515","681","735","682","712","863","779","788","943","799","781","724","730","741","."
"Pohjois-Pohjanmaa","Merijärvi","873","809","1153","1081","1072","951","997","1032","1205","996","1087","961","1131","1193","1043","."
"Pohjois-Pohjanmaa","Muhos","608","532","394","310","330","561","430","498","500","443","621","531","432","402","365","."
"Pohjois-Pohjanmaa","Nivala","262","301","400","433","414","377","397","374","438","462","474","462","503","433","388","."
"Pohjois-Pohjanmaa","Oulainen","801","829","662","791","513","646","599","551","445","434","502","502","558","474","437","."
"Pohjois-Pohjanmaa","Oulu","372","351","445","404","422","394","400","447","452","468","420","424","404","356","323","."
"Pohjois-Pohjanmaa","Pudasjärvi","348","394","375","343","391","419","430","447","404","469","402","334","366","331","349","."
"Pohjois-Pohjanmaa","Pyhäjoki","652","684","768","623","767","665","718","672","567","736","649","686","628","644","628","."
"Pohjois-Pohjanmaa","Pyhäntä","1025","764","723","659","693","664","552","589","603","740","926","870","1105","934","1059","."
"Pohjois-Pohjanmaa","Raahe","268","300","298","289","325","406","421","455","401","408","319","327","367","325","320","."
"Pohjois-Pohjanmaa","Reisjärvi","674","590","561","589","565","657","652","576","669","725","553","583","549","526","503","."
"Pohjois-Pohjanmaa","Sievi","732","883","443","430","502","417","347","360","475","569","500","527","523","418","361","."
"Pohjois-Pohjanmaa","Siikajoki","458","392","434","434","483","573","614","612","479","643","632","634","635","602","602","."
"Pohjois-Pohjanmaa","Siikalatva","0","0","0","0","0","0","0","0","0","0","948","864","803","758","676","."
"Pohjois-Pohjanmaa","Taivalkoski","502","441","437","587","541","460","606","546","565","555","594","682","656","584","668","."
"Pohjois-Pohjanmaa","Tyrnävä","493","555","949","575","662","585","587","571","609","639","640","639","595","553","564","."
"Pohjois-Pohjanmaa","Utajärvi","661","668","556","543","521","500","415","385","437","401","413","518","548","549","502","."
"Pohjois-Pohjanmaa","Ylivieska","412","475","355","396","377","384","370","332","456","442","430","400","395","414","398","."
"Pohjois-Savo","Iisalmi","238","328","351","310","335","354","344","357","343","384","400","448","443","395","380","."
"Pohjois-Savo","Keitele","855","684","639","554","510","637","627","695","739","684","715","829","829","813","837","."
"Pohjois-Savo","Kiuruvesi","371","375","287","303","305","367","349","477","492","536","577","565","564","533","607","."
"Pohjois-Savo","Kuopio+Juank.+Kaavi+Tuus.","408","327","386","383","355","319","370","331","347","382","410","380","343","321","371","."
"Pohjois-Savo","Lapinlahti","392","351","340","301","373","394","693","563","286","414","514","455","458","431","457","."
"Pohjois-Savo","Leppävirta","405","423","379","372","400","385","381","402","335","381","390","430","435","408","466","."
"Pohjois-Savo","Maaninka","391","434","534","531","405","426","355","437","390","431","583","569","545","498","504","."
"Pohjois-Savo","Pielavesi","376","321","424","463","450","500","466","587","614","601","616","646","591","541","569","."
"Pohjois-Savo","Rautalampi","523","486","486","493","547","490","500","381","401","390","491","410","706","420","404","."
"Pohjois-Savo","Rautavaara","377","454","531","512","454","456","449","424","479","477","551","483","518","463","442","."
"Pohjois-Savo","Siilinjärvi","384","398","390","424","381","365","368","387","363","385","431","434","447","403","374","."
"Pohjois-Savo","Sonkajärvi","534","506","499","468","494","573","547","569","600","526","505","626","745","626","527","."
"Pohjois-Savo","Suonenjoki","344","372","435","484","449","499","444","504","537","460","456","431","348","343","344","."
"Pohjois-Savo","Tervo","508","544","506","451","522","579","521","572","606","683","639","699","736","677","836","."
"Pohjois-Savo","Varkaus","246","252","275","317","448","527","428","315","231","300","314","283","306","250","262","."
"Pohjois-Savo","Vesanto","284","313","416","464","545","526","511","668","562","587","680","719","768","811","931","."
"Pohjois-Savo","Vieremä","261","459","313","352","366","334","380","328","401","396","430","433","440","455","405","."
"Satakunta","Eura","385","465","399","412","420","470","356","451","484","525","455","510","612","404","434","."
"Satakunta","Eurajoki","793","856","790","654","712","712","612","655","722","865","790","742","915","900","593","."
"Satakunta","Harjavalta","330","303","274","308","305","365","357","373","417","459","420","464","445","475","458","."
"Satakunta","Honkajoki","458","476","492","458","432","440","349","491","438","405","458","736","588","667","659","."
"Satakunta","Huittinen","324","362","349","396","367","416","451","462","419","493","509","538","522","467","454","."
"Satakunta","Jämijärvi","333","334","333","304","428","372","370","487","388","383","484","443","521","492","391","."
"Satakunta","Köyliö","483","553","716","560","533","442","598","594","482","506","538","454","550","429","435","."
"Satakunta","Kankaanpää","389","409","351","314","284","237","287","273","171","205","285","262","278","240","254","."
"Satakunta","Karvia","379","426","469","458","435","443","436","488","543","588","577","635","655","669","575","."
"Satakunta","Kokemäki","321","376","372","380","419","492","492","468","405","452","409","425","399","324","333","."
"Satakunta","Lavia","457","427","415","388","417","468","500","508","510","516","583","477","604","615","425","."
"Satakunta","Luvia","577","529","411","494","548","523","525","535","526","595","444","656","641","512","525","."
"Satakunta","Merikarvia","392","325","508","423","431","482","474","617","613","711","681","724","724","632","659","."
"Satakunta","Nakkila","482","494","507","540","515","617","521","541","584","539","572","597","630","571","574","."
"Satakunta","Pomarkku","358","417","271","205","172","307","285","280","277","264","271","400","543","536","471","."
"Satakunta","Pori","421","360","349","337","308","312","360","369","377","380","394","537","447","404","306","."
"Satakunta","Rauma","397","377","415","468","460","419","395","406","373","447","452","473","472","493","444","."
"Satakunta","Säkylä","440","386","398","575","565","806","502","281","296","306","537","484","456","272","284","."
"Satakunta","Siikainen","285","438","376","491","475","439","405","463","433","468","443","500","445","444","478","."
"Satakunta","Ulvila","310","371","365","386","303","405","552","431","596","499","418","400","409","399","371","."
"Uusimaa","Askola","392","547","455","499","622","869","723","606","565","618","506","638","613","512","372","."
"Uusimaa","Espoo","252","292","355","403","311","260","255","286","332","325","330","336","350","303","343","."
"Uusimaa","Hanko","352","376","415","302","226","299","230","187","242","402","381","375","429","472","423","."
"Uusimaa","Helsinki","259","272","264","249","223","233","220","221","253","279","296","332","342","270","259","."
"Uusimaa","Hyvinkää","264","313","363","346","327","319","332","316","364","370","330","333","336","342","327","."
"Uusimaa","Inkoo","286","285","275","210","198","177","243","250","304","318","443","393","478","457","426","."
"Uusimaa","Järvenpää","305","333","314","300","298","311","315","329","323","334","287","328","381","321","335","."
"Uusimaa","Karkkila","355","337","323","302","319","323","290","339","340","391","425","429","454","369","338","."
"Uusimaa","Kauniainen","692","640","605","493","432","510","533","595","517","465","441","485","482","459","505","."
"Uusimaa","Kerava","169","234","188","245","245","370","407","374","414","349","363","400","397","376","385","."
"Uusimaa","Kirkkonummi","419","360","364","409","393","337","386","401","401","431","426","485","459","423","296","."
"Uusimaa","Lapinjärvi","440","517","566","490","574","555","569","628","592","711","671","695","701","726","597","."
"Uusimaa","Lohja","304","332","338","310","303","326","332","349","346","391","411","398","430","400","385","."
"Uusimaa","Loviisa","398","471","383","385","447","365","450","505","527","537","588","431","474","482","473","."
"Uusimaa","Mäntsälä","315","325","257","279","213","238","190","245","207","239","232","295","363","393","381","."
"Uusimaa","Myrskylä","306","462","417","442","377","318","388","431","360","392","365","412","415","425","439","."
"Uusimaa","Nurmijärvi","347","297","365","286","303","392","428","386","333","294","272","324","336","325","249","."
"Uusimaa","Pornainen","291","395","532","426","364","641","707","538","633","553","594","562","690","514","475","."
"Uusimaa","Porvoo","263","208","319","287","293","322","300","329","359","371","335","269","252","242","242","."
"Uusimaa","Pukkila","482","374","323","383","464","484","531","480","434","364","293","527","526","387","456","."
"Uusimaa","Raasepori","0","0","0","0","0","0","0","0","0","0","353","364","386","367","329","."
"Uusimaa","Sipoo","237","224","289","332","348","386","365","392","358","475","433","515","464","456","384","."
"Uusimaa","Siuntio","239","203","199","284","353","568","470","352","279","347","276","315","391","424","309","."
"Uusimaa","Tuusula","289","264","299","332","315","295","309","310","305","320","311","343","330","252","264","."
"Uusimaa","Vantaa","264","284","295","322","242","220","231","228","238","268","250","270","258","216","190","."
"Uusimaa","Vihti","345","393","413","393","393","364","352","334","358","383","384","364","372","356","344","."
"Varsinais-Suomi","Aura","380","352","410","385","419","537","593","461","459","468","392","493","452","415","380","."
"Varsinais-Suomi","Kaarina","424","434","532","389","650","417","420","315","337","374","356","360","422","365","331","."
"Varsinais-Suomi","Kemiönsaari","0","0","0","0","0","0","0","0","0","0","514","515","454","483","410","."
"Varsinais-Suomi","Koski Tl","527","646","638","619","597","716","686","817","721","723","777","835","1230","701","705","."
"Varsinais-Suomi","Kustavi","549","615","523","557","658","648","659","710","596","778","885","862","722","1312","1082","."
"Varsinais-Suomi","Laitila","239","374","396","383","359","439","478","488","548","499","503","517","525","702","523","."
"Varsinais-Suomi","Lieto","545","1132","811","563","745","366","341","353","336","317","290","298","516","474","429","."
"Varsinais-Suomi","Loimaa","518","464","390","350","556","544","393","373","328","460","559","574","571","452","489","."
"Varsinais-Suomi","Marttila","460","428","508","515","636","873","855","828","694","782","791","892","954","969","764","."
"Varsinais-Suomi","Masku","402","413","404","444","396","415","368","431","434","477","670","746","634","583","577","."
"Varsinais-Suomi","Mynämäki","280","361","308","278","230","334","311","298","487","430","323","301","281","278","260","."
"Varsinais-Suomi","Naantali","432","414","426","369","344","360","367","351","363","376","672","454","469","363","316","."
"Varsinais-Suomi","Nousiainen","546","499","520","517","432","500","506","597","517","660","594","639","639","534","497","."
"Varsinais-Suomi","Oripää","777","425","404","500","541","1070","661","637","747","974","770","1027","1136","751","789","."
"Varsinais-Suomi","Pöytyä","1720","338","370","309","380","409","586","548","462","543","764","853","858","896","626","."
"Varsinais-Suomi","Paimio","337","427","326","431","380","428","473","385","430","498","453","457","455","446","325","."
"Varsinais-Suomi","Parainen","0","0","0","0","0","0","0","0","0","0","472","459","437","452","395","."
"Varsinais-Suomi","Pyhäranta","454","469","507","395","361","462","471","587","502","568","313","235","372","316","478","."
"Varsinais-Suomi","Raisio","683","722","703","501","460","473","523","384","365","432","407","390","379","446","327","."
"Varsinais-Suomi","Rusko","484","663","495","535","426","437","565","653","616","629","520","368","515","441","413","."
"Varsinais-Suomi","Salo","545","567","595","565","545","548","505","545","629","619","544","559","521","439","383","."
"Varsinais-Suomi","Sauvo","347","309","428","349","503","557","519","530","316","468","503","381","489","337","343","."
"Varsinais-Suomi","Somero","400","505","543","572","527","589","498","555","574","589","614","596","611","564","545","."
"Varsinais-Suomi","Taivassalo","398","421","418","551","475","714","565","455","584","651","640","681","577","798","789","."
"Varsinais-Suomi","Tarvasjoki","395","502","767","914","542","556","379","470","456","437","533","512","559","648","523","."
"Varsinais-Suomi","Turku","253","275","246","251","247","279","268","295","338","341","352","378","414","330","340","."
"Varsinais-Suomi","Uusikaupunki","310","294","294","228","226","245","253","257","258","294","304","310","307","310","385","."
"Varsinais-Suomi","Vehmaa","487","501","524","437","330","437","375","477","428","424","431","479","526","486","531","."
